BananaMuffins,no-sugar-added-blueberry-and-banana-wheat-muffins.txt,0,preheat
BananaMuffins,no-sugar-added-blueberry-and-banana-wheat-muffins.txt,2,mix
BananaMuffins,no-sugar-added-blueberry-and-banana-wheat-muffins.txt,3,mix
BananaMuffins,no-sugar-added-blueberry-and-banana-wheat-muffins.txt,3,see
BananaMuffins,no-sugar-added-blueberry-and-banana-wheat-muffins.txt,5,fold
BananaMuffins,no-sugar-added-blueberry-and-banana-wheat-muffins.txt,6,bake
BananaMuffins,no-sugar-added-blueberry-and-banana-wheat-muffins.txt,7,remove
BananaMuffins,no-sugar-added-blueberry-and-banana-wheat-muffins.txt,7,cool
BananaMuffins,calypso-muffins.txt,0,bring
BananaMuffins,calypso-muffins.txt,1,stir
BananaMuffins,calypso-muffins.txt,2,cover
BananaMuffins,calypso-muffins.txt,2,remove
BananaMuffins,calypso-muffins.txt,2,allow
BananaMuffins,calypso-muffins.txt,2,cool
BananaMuffins,calypso-muffins.txt,3,preheat
BananaMuffins,calypso-muffins.txt,4,use
BananaMuffins,calypso-muffins.txt,5,combine
BananaMuffins,calypso-muffins.txt,6,make
BananaMuffins,calypso-muffins.txt,6,add
BananaMuffins,calypso-muffins.txt,7,mix
BananaMuffins,calypso-muffins.txt,8,scoop
BananaMuffins,calypso-muffins.txt,9,bake
BananaMuffins,mocha-chocolate-chip-banana-muffins.txt,0,preheat
BananaMuffins,mocha-chocolate-chip-banana-muffins.txt,1,blend
BananaMuffins,mocha-chocolate-chip-banana-muffins.txt,2,add
BananaMuffins,mocha-chocolate-chip-banana-muffins.txt,2,blend
BananaMuffins,mocha-chocolate-chip-banana-muffins.txt,3,add
BananaMuffins,mocha-chocolate-chip-banana-muffins.txt,4,spoon
BananaMuffins,mocha-chocolate-chip-banana-muffins.txt,5,bake
BananaMuffins,mocha-chocolate-chip-banana-muffins.txt,6,cool
BananaMuffins,seminary-muffins.txt,0,preheat
BananaMuffins,seminary-muffins.txt,2,combine
BananaMuffins,seminary-muffins.txt,3,sift
BananaMuffins,seminary-muffins.txt,4,stir
BananaMuffins,seminary-muffins.txt,5,fold
BananaMuffins,seminary-muffins.txt,6,pour
BananaMuffins,seminary-muffins.txt,7,bake
BananaMuffins,seminary-muffins.txt,8,remove
BananaMuffins,seminary-muffins.txt,8,let
BananaMuffins,hearty-breakfast-muffins.txt,0,preheat
BananaMuffins,hearty-breakfast-muffins.txt,2,mix
BananaMuffins,hearty-breakfast-muffins.txt,3,whisk
BananaMuffins,hearty-breakfast-muffins.txt,4,mix
BananaMuffins,hearty-breakfast-muffins.txt,5,stir
BananaMuffins,hearty-breakfast-muffins.txt,6,scoop
BananaMuffins,hearty-breakfast-muffins.txt,7,bake
BananaMuffins,hearty-breakfast-muffins.txt,8,cool
BananaMuffins,hearty-breakfast-muffins.txt,8,cool
BananaMuffins,banana-buttermilk-breakfast-muffins-topped-with-nutella.txt,0,preheat
BananaMuffins,banana-buttermilk-breakfast-muffins-topped-with-nutella.txt,2,combine
BananaMuffins,banana-buttermilk-breakfast-muffins-topped-with-nutella.txt,3,whisk
BananaMuffins,banana-buttermilk-breakfast-muffins-topped-with-nutella.txt,4,pour
BananaMuffins,banana-buttermilk-breakfast-muffins-topped-with-nutella.txt,4,stir
BananaMuffins,banana-buttermilk-breakfast-muffins-topped-with-nutella.txt,5,spoon
BananaMuffins,banana-buttermilk-breakfast-muffins-topped-with-nutella.txt,6,bake
BananaMuffins,banana-buttermilk-breakfast-muffins-topped-with-nutella.txt,7,let
BananaMuffins,banana-buttermilk-breakfast-muffins-topped-with-nutella.txt,7,cool
BananaMuffins,banana-buttermilk-breakfast-muffins-topped-with-nutella.txt,8,transfer
BananaMuffins,banana-buttermilk-breakfast-muffins-topped-with-nutella.txt,8,rack
BananaMuffins,banana-buttermilk-breakfast-muffins-topped-with-nutella.txt,8,cool
BananaMuffins,banana-buttermilk-breakfast-muffins-topped-with-nutella.txt,9,spread
BananaMuffins,banana-chip-muffins-ii.txt,0,preheat
BananaMuffins,banana-chip-muffins-ii.txt,2,whisk
BananaMuffins,banana-chip-muffins-ii.txt,3,mix
BananaMuffins,banana-chip-muffins-ii.txt,4,stir
BananaMuffins,banana-chip-muffins-ii.txt,5,divide
BananaMuffins,banana-chip-muffins-ii.txt,6,bake
BananaMuffins,banana-chocolate-chip-muffins.txt,0,combine
BananaMuffins,banana-chocolate-chip-muffins.txt,1,blend
BananaMuffins,banana-chocolate-chip-muffins.txt,2,add
BananaMuffins,banana-chocolate-chip-muffins.txt,3,fold
BananaMuffins,banana-chocolate-chip-muffins.txt,4,spoon
BananaMuffins,banana-chocolate-chip-muffins.txt,5,bake
BananaMuffins,banana-chocolate-chip-muffins.txt,6,remove
BananaMuffins,banana-chocolate-chip-muffins.txt,6,cool
BananaMuffins,emilys-famous-banana-oat-muffins.txt,0,preheat
BananaMuffins,emilys-famous-banana-oat-muffins.txt,1,line
BananaMuffins,emilys-famous-banana-oat-muffins.txt,2,stir
BananaMuffins,emilys-famous-banana-oat-muffins.txt,3,combine
BananaMuffins,emilys-famous-banana-oat-muffins.txt,3,stir
BananaMuffins,emilys-famous-banana-oat-muffins.txt,4,spoon
BananaMuffins,emilys-famous-banana-oat-muffins.txt,5,bake
BananaMuffins,emilys-famous-banana-oat-muffins.txt,6,cool
BananaMuffins,emilys-famous-banana-oat-muffins.txt,6,remove
BananaMuffins,cocoa-banana-bran-muffins.txt,0,preheat
BananaMuffins,cocoa-banana-bran-muffins.txt,2,combine
BananaMuffins,cocoa-banana-bran-muffins.txt,3,let
BananaMuffins,cocoa-banana-bran-muffins.txt,3,stand
BananaMuffins,cocoa-banana-bran-muffins.txt,4,combine
BananaMuffins,cocoa-banana-bran-muffins.txt,5,set
BananaMuffins,cocoa-banana-bran-muffins.txt,6,add
BananaMuffins,cocoa-banana-bran-muffins.txt,6,beat
BananaMuffins,cocoa-banana-bran-muffins.txt,7,add
BananaMuffins,cocoa-banana-bran-muffins.txt,8,fold
BananaMuffins,cocoa-banana-bran-muffins.txt,10,top
BananaMuffins,cocoa-banana-bran-muffins.txt,11,bake
BananaMuffins,banana-muffins-ii.txt,0,preheat
BananaMuffins,banana-muffins-ii.txt,1,use
BananaMuffins,banana-muffins-ii.txt,2,sift
BananaMuffins,banana-muffins-ii.txt,2,set
BananaMuffins,banana-muffins-ii.txt,3,combine
BananaMuffins,banana-muffins-ii.txt,4,fold
BananaMuffins,banana-muffins-ii.txt,5,scoop
BananaMuffins,banana-muffins-ii.txt,6,bake
BananaMuffins,banana-muffins-ii.txt,7,bake
BananaMuffins,banana-muffins-ii.txt,8,spring
BananaMuffins,cherry-vanilla-chip-muffins.txt,0,preheat
BananaMuffins,cherry-vanilla-chip-muffins.txt,2,blend
BananaMuffins,cherry-vanilla-chip-muffins.txt,3,stir
BananaMuffins,cherry-vanilla-chip-muffins.txt,4,mix
BananaMuffins,cherry-vanilla-chip-muffins.txt,4,stir
BananaMuffins,cherry-vanilla-chip-muffins.txt,5,pour
BananaMuffins,cherry-vanilla-chip-muffins.txt,6,bake
BananaMuffins,nutty-raspberry-chocolate-muffins.txt,0,preheat
BananaMuffins,nutty-raspberry-chocolate-muffins.txt,1,fill
BananaMuffins,nutty-raspberry-chocolate-muffins.txt,2,mix
BananaMuffins,nutty-raspberry-chocolate-muffins.txt,3,beat
BananaMuffins,nutty-raspberry-chocolate-muffins.txt,4,add
BananaMuffins,nutty-raspberry-chocolate-muffins.txt,5,stir
BananaMuffins,nutty-raspberry-chocolate-muffins.txt,6,mix
BananaMuffins,nutty-raspberry-chocolate-muffins.txt,7,add
BananaMuffins,nutty-raspberry-chocolate-muffins.txt,8,stir
BananaMuffins,nutty-raspberry-chocolate-muffins.txt,8,fold
BananaMuffins,nutty-raspberry-chocolate-muffins.txt,9,fill
BananaMuffins,nutty-raspberry-chocolate-muffins.txt,10,bake
BananaMuffins,choice-apple-and-banana-muffins.txt,0,preheat
BananaMuffins,choice-apple-and-banana-muffins.txt,2,stir
BananaMuffins,choice-apple-and-banana-muffins.txt,3,stir
BananaMuffins,choice-apple-and-banana-muffins.txt,4,spoon
BananaMuffins,choice-apple-and-banana-muffins.txt,5,bake
BananaMuffins,choice-apple-and-banana-muffins.txt,6,check
BananaMuffins,choice-apple-and-banana-muffins.txt,8,bake
BananaMuffins,choice-apple-and-banana-muffins.txt,8,combine
BananaMuffins,choice-apple-and-banana-muffins.txt,9,bring
BananaMuffins,choice-apple-and-banana-muffins.txt,10,brush
BananaMuffins,choice-apple-and-banana-muffins.txt,10,glaze
BananaMuffins,choice-apple-and-banana-muffins.txt,10,sprinkle
BananaMuffins,choice-apple-and-banana-muffins.txt,10,like
BananaMuffins,banana-prune-muffins.txt,0,preheat
BananaMuffins,banana-prune-muffins.txt,1,use
BananaMuffins,banana-prune-muffins.txt,2,combine
BananaMuffins,banana-prune-muffins.txt,3,beat
BananaMuffins,banana-prune-muffins.txt,4,blend
BananaMuffins,banana-prune-muffins.txt,5,mix
BananaMuffins,banana-prune-muffins.txt,5,stir
BananaMuffins,banana-prune-muffins.txt,6,mix
BananaMuffins,banana-prune-muffins.txt,7,spoon
BananaMuffins,banana-prune-muffins.txt,8,bake
BananaMuffins,delicious-banana-vegan-muffins-healthy-and-sugar-free.txt,0,preheat
BananaMuffins,delicious-banana-vegan-muffins-healthy-and-sugar-free.txt,2,whisk
BananaMuffins,delicious-banana-vegan-muffins-healthy-and-sugar-free.txt,3,mix
BananaMuffins,delicious-banana-vegan-muffins-healthy-and-sugar-free.txt,3,stir
BananaMuffins,delicious-banana-vegan-muffins-healthy-and-sugar-free.txt,4,fold
BananaMuffins,delicious-banana-vegan-muffins-healthy-and-sugar-free.txt,5,spoon
BananaMuffins,delicious-banana-vegan-muffins-healthy-and-sugar-free.txt,6,bake
BananaMuffins,banana-mango-muffins-with-lime-glaze.txt,0,preheat
BananaMuffins,banana-mango-muffins-with-lime-glaze.txt,1,line
BananaMuffins,banana-mango-muffins-with-lime-glaze.txt,2,blend
BananaMuffins,banana-mango-muffins-with-lime-glaze.txt,3,whisk
BananaMuffins,banana-mango-muffins-with-lime-glaze.txt,4,mix
BananaMuffins,banana-mango-muffins-with-lime-glaze.txt,5,pour
BananaMuffins,banana-mango-muffins-with-lime-glaze.txt,6,bake
BananaMuffins,banana-mango-muffins-with-lime-glaze.txt,7,cool
BananaMuffins,banana-mango-muffins-with-lime-glaze.txt,7,cool
BananaMuffins,banana-mango-muffins-with-lime-glaze.txt,8,whisk
BananaMuffins,banana-mango-muffins-with-lime-glaze.txt,8,glaze
BananaMuffins,banana-mango-muffins-with-lime-glaze.txt,8,smooth
BananaMuffins,banana-mango-muffins-with-lime-glaze.txt,8,spoon
BananaMuffins,banana-muffins-with-a-crunch.txt,0,preheat
BananaMuffins,banana-muffins-with-a-crunch.txt,1,line
BananaMuffins,banana-muffins-with-a-crunch.txt,2,mix
BananaMuffins,banana-muffins-with-a-crunch.txt,3,mix
BananaMuffins,banana-muffins-with-a-crunch.txt,4,fold
BananaMuffins,banana-muffins-with-a-crunch.txt,5,scoop
BananaMuffins,banana-muffins-with-a-crunch.txt,6,sprinkle
BananaMuffins,banana-muffins-with-a-crunch.txt,7,bake
BananaMuffins,chocolate-chip-banana-nut-muffins.txt,0,preheat
BananaMuffins,chocolate-chip-banana-nut-muffins.txt,2,stir
BananaMuffins,chocolate-chip-banana-nut-muffins.txt,3,mix
BananaMuffins,chocolate-chip-banana-nut-muffins.txt,4,stir
BananaMuffins,chocolate-chip-banana-nut-muffins.txt,5,mix
BananaMuffins,chocolate-chip-banana-nut-muffins.txt,6,spoon
BananaMuffins,chocolate-chip-banana-nut-muffins.txt,7,bake
BananaMuffins,banana-oat-muffins-2.txt,0,preheat
BananaMuffins,banana-oat-muffins-2.txt,2,place
BananaMuffins,banana-oat-muffins-2.txt,3,combine
BananaMuffins,banana-oat-muffins-2.txt,5,beat
BananaMuffins,banana-oat-muffins-2.txt,5,stir
BananaMuffins,banana-oat-muffins-2.txt,6,stir
BananaMuffins,banana-oat-muffins-2.txt,7,mix
BananaMuffins,banana-oat-muffins-2.txt,8,spoon
BananaMuffins,banana-oat-muffins-2.txt,9,make
BananaMuffins,banana-oat-muffins-2.txt,9,combine
BananaMuffins,banana-oat-muffins-2.txt,10,cut
BananaMuffins,banana-oat-muffins-2.txt,10,stir
BananaMuffins,banana-oat-muffins-2.txt,11,sprinkle
BananaMuffins,banana-oat-muffins-2.txt,12,bake
BananaMuffins,dietetic-banana-nut-muffins.txt,0,preheat
BananaMuffins,dietetic-banana-nut-muffins.txt,2,stir
BananaMuffins,dietetic-banana-nut-muffins.txt,4,add
BananaMuffins,dietetic-banana-nut-muffins.txt,5,fill
BananaMuffins,dietetic-banana-nut-muffins.txt,6,bake
BananaMuffins,dietetic-banana-nut-muffins.txt,7,allow
BananaMuffins,dietetic-banana-nut-muffins.txt,7,cool
BananaMuffins,vegan-date-sweet-potato-muffins.txt,0,preheat
BananaMuffins,vegan-date-sweet-potato-muffins.txt,2,place
BananaMuffins,vegan-date-sweet-potato-muffins.txt,2,cover
BananaMuffins,vegan-date-sweet-potato-muffins.txt,2,bring
BananaMuffins,vegan-date-sweet-potato-muffins.txt,3,drain
BananaMuffins,vegan-date-sweet-potato-muffins.txt,3,set
BananaMuffins,vegan-date-sweet-potato-muffins.txt,3,cool
BananaMuffins,vegan-date-sweet-potato-muffins.txt,4,whisk
BananaMuffins,vegan-date-sweet-potato-muffins.txt,5,stir
BananaMuffins,vegan-date-sweet-potato-muffins.txt,6,stir
BananaMuffins,vegan-date-sweet-potato-muffins.txt,6,fold
BananaMuffins,vegan-date-sweet-potato-muffins.txt,7,divide
BananaMuffins,vegan-date-sweet-potato-muffins.txt,8,bake
BananaMuffins,vegan-date-sweet-potato-muffins.txt,9,cool
BananaMuffins,vegan-date-sweet-potato-muffins.txt,9,remove
BananaMuffins,vegan-date-sweet-potato-muffins.txt,9,cool
BananaMuffins,banana-coconut-pecan-muffins.txt,0,preheat
BananaMuffins,banana-coconut-pecan-muffins.txt,1,don
BananaMuffins,banana-coconut-pecan-muffins.txt,1,have
BananaMuffins,banana-coconut-pecan-muffins.txt,2,combine
BananaMuffins,banana-coconut-pecan-muffins.txt,3,stir
BananaMuffins,banana-coconut-pecan-muffins.txt,3,set
BananaMuffins,banana-coconut-pecan-muffins.txt,4,add
BananaMuffins,banana-coconut-pecan-muffins.txt,5,note
BananaMuffins,banana-coconut-pecan-muffins.txt,5,didn
BananaMuffins,banana-coconut-pecan-muffins.txt,5,want
BananaMuffins,banana-coconut-pecan-muffins.txt,6,like
BananaMuffins,banana-coconut-pecan-muffins.txt,7,do
BananaMuffins,banana-coconut-pecan-muffins.txt,7,like
BananaMuffins,banana-coconut-pecan-muffins.txt,7,add
BananaMuffins,banana-coconut-pecan-muffins.txt,8,add
BananaMuffins,banana-coconut-pecan-muffins.txt,9,add
BananaMuffins,banana-coconut-pecan-muffins.txt,9,stir
BananaMuffins,banana-coconut-pecan-muffins.txt,9,add
BananaMuffins,banana-coconut-pecan-muffins.txt,10,stir
BananaMuffins,banana-coconut-pecan-muffins.txt,11,note
BananaMuffins,banana-coconut-pecan-muffins.txt,12,spoon
BananaMuffins,banana-coconut-pecan-muffins.txt,13,bake
BananaMuffins,banana-yogurt-muffins.txt,0,combine
BananaMuffins,banana-yogurt-muffins.txt,1,let
BananaMuffins,banana-yogurt-muffins.txt,1,stand
BananaMuffins,banana-yogurt-muffins.txt,1,allow
BananaMuffins,banana-yogurt-muffins.txt,1,soften
BananaMuffins,banana-yogurt-muffins.txt,2,combine
BananaMuffins,banana-yogurt-muffins.txt,2,set
BananaMuffins,banana-yogurt-muffins.txt,3,stir
BananaMuffins,banana-yogurt-muffins.txt,3,add
BananaMuffins,banana-yogurt-muffins.txt,3,stir
BananaMuffins,banana-yogurt-muffins.txt,4,spoon
BananaMuffins,banana-yogurt-muffins.txt,5,bake
BananaMuffins,banana-yogurt-muffins.txt,6,let
BananaMuffins,banana-yogurt-muffins.txt,6,cool
BananaMuffins,banana-yogurt-muffins.txt,6,remove
BananaMuffins,banana-yogurt-muffins.txt,6,finish
BananaMuffins,banana-yogurt-muffins.txt,7,store
BananaMuffins,healthy-banana-chocolate-chip-oat-muffins.txt,0,preheat
BananaMuffins,healthy-banana-chocolate-chip-oat-muffins.txt,2,stir
BananaMuffins,healthy-banana-chocolate-chip-oat-muffins.txt,3,make
BananaMuffins,healthy-banana-chocolate-chip-oat-muffins.txt,4,whisk
BananaMuffins,healthy-banana-chocolate-chip-oat-muffins.txt,4,mix
BananaMuffins,healthy-banana-chocolate-chip-oat-muffins.txt,5,pour
BananaMuffins,healthy-banana-chocolate-chip-oat-muffins.txt,5,stir
BananaMuffins,healthy-banana-chocolate-chip-oat-muffins.txt,5,moisten
BananaMuffins,healthy-banana-chocolate-chip-oat-muffins.txt,6,batter
BananaMuffins,healthy-banana-chocolate-chip-oat-muffins.txt,7,fill
BananaMuffins,healthy-banana-chocolate-chip-oat-muffins.txt,8,bake
BananaMuffins,healthy-banana-chocolate-chip-oat-muffins.txt,9,cool
BananaMuffins,healthy-banana-chocolate-chip-oat-muffins.txt,9,finish
BananaMuffins,banana-date-muffins.txt,0,preheat
BananaMuffins,banana-date-muffins.txt,2,sift
BananaMuffins,banana-date-muffins.txt,2,set
BananaMuffins,banana-date-muffins.txt,4,mix
BananaMuffins,banana-date-muffins.txt,5,blend
BananaMuffins,banana-date-muffins.txt,6,spoon
BananaMuffins,banana-date-muffins.txt,7,bake
BananaMuffins,banana-date-muffins.txt,8,cool
BananaMuffins,poppy-seed-and-banana-muffins.txt,0,preheat
BananaMuffins,poppy-seed-and-banana-muffins.txt,4,stir
BananaMuffins,poppy-seed-and-banana-muffins.txt,5,make
BananaMuffins,poppy-seed-and-banana-muffins.txt,5,pour
BananaMuffins,poppy-seed-and-banana-muffins.txt,6,stir
BananaMuffins,poppy-seed-and-banana-muffins.txt,7,spoon
BananaMuffins,poppy-seed-and-banana-muffins.txt,8,bake
BananaMuffins,chunky-monkey-muffins.txt,0,preheat
BananaMuffins,chunky-monkey-muffins.txt,1,line
BananaMuffins,chunky-monkey-muffins.txt,2,puree
BananaMuffins,chunky-monkey-muffins.txt,3,add
BananaMuffins,chunky-monkey-muffins.txt,4,pulse
BananaMuffins,chunky-monkey-muffins.txt,4,make
BananaMuffins,chunky-monkey-muffins.txt,4,incorporate
BananaMuffins,chunky-monkey-muffins.txt,5,spoon
BananaMuffins,chunky-monkey-muffins.txt,6,toss
BananaMuffins,chunky-monkey-muffins.txt,6,sprinkle
BananaMuffins,chunky-monkey-muffins.txt,7,bake
BananaMuffins,easy-whole-wheat-banana-muffins.txt,0,preheat
BananaMuffins,easy-whole-wheat-banana-muffins.txt,1,mix
BananaMuffins,easy-whole-wheat-banana-muffins.txt,2,stir
BananaMuffins,easy-whole-wheat-banana-muffins.txt,3,divide
BananaMuffins,easy-whole-wheat-banana-muffins.txt,4,bake
BananaMuffins,vegan-banana-muffins.txt,0,preheat
BananaMuffins,vegan-banana-muffins.txt,2,mix
BananaMuffins,vegan-banana-muffins.txt,3,stir
BananaMuffins,vegan-banana-muffins.txt,3,mix
BananaMuffins,vegan-banana-muffins.txt,4,fill
BananaMuffins,vegan-banana-muffins.txt,5,bake
BananaMuffins,chocolate-chip-banana-muffins.txt,0,preheat
BananaMuffins,chocolate-chip-banana-muffins.txt,2,blend
BananaMuffins,chocolate-chip-banana-muffins.txt,3,combine
BananaMuffins,chocolate-chip-banana-muffins.txt,4,stir
BananaMuffins,chocolate-chip-banana-muffins.txt,5,fold
BananaMuffins,chocolate-chip-banana-muffins.txt,6,spoon
BananaMuffins,chocolate-chip-banana-muffins.txt,7,bake
BananaMuffins,chocolate-chip-banana-muffins.txt,8,remove
BananaMuffins,chocolate-chip-banana-muffins.txt,8,cool
BananaMuffins,mimis-giant-whole-wheat-banana-strawberry-muffins.txt,0,preheat
BananaMuffins,mimis-giant-whole-wheat-banana-strawberry-muffins.txt,2,whisk
BananaMuffins,mimis-giant-whole-wheat-banana-strawberry-muffins.txt,3,combine
BananaMuffins,mimis-giant-whole-wheat-banana-strawberry-muffins.txt,3,stir
BananaMuffins,mimis-giant-whole-wheat-banana-strawberry-muffins.txt,4,stir
BananaMuffins,mimis-giant-whole-wheat-banana-strawberry-muffins.txt,5,spoon
BananaMuffins,mimis-giant-whole-wheat-banana-strawberry-muffins.txt,6,bake
BananaMuffins,mimis-giant-whole-wheat-banana-strawberry-muffins.txt,7,cool
BananaMuffins,banana-oat-muffins.txt,0,combine
BananaMuffins,banana-oat-muffins.txt,2,stir
BananaMuffins,banana-oat-muffins.txt,3,add
BananaMuffins,banana-oat-muffins.txt,3,combine
BananaMuffins,banana-oat-muffins.txt,4,stir
BananaMuffins,banana-oat-muffins.txt,5,line
BananaMuffins,banana-oat-muffins.txt,5,divide
BananaMuffins,banana-oat-muffins.txt,6,bake
BananaMuffins,banana-nut-muffins.txt,0,preheat
BananaMuffins,banana-nut-muffins.txt,2,stir
BananaMuffins,banana-nut-muffins.txt,3,beat
BananaMuffins,banana-nut-muffins.txt,4,stir
BananaMuffins,banana-nut-muffins.txt,5,add
BananaMuffins,banana-nut-muffins.txt,5,flour
BananaMuffins,banana-nut-muffins.txt,6,stir
BananaMuffins,banana-nut-muffins.txt,7,fill
BananaMuffins,banana-nut-muffins.txt,8,bake
BananaMuffins,banana-nut-muffins.txt,9,remove
BananaMuffins,roxies-bran-muffins.txt,0,preheat
BananaMuffins,roxies-bran-muffins.txt,2,cover
BananaMuffins,roxies-bran-muffins.txt,2,plump
BananaMuffins,roxies-bran-muffins.txt,3,drain
BananaMuffins,roxies-bran-muffins.txt,4,beat
BananaMuffins,roxies-bran-muffins.txt,5,let
BananaMuffins,roxies-bran-muffins.txt,5,stand
BananaMuffins,roxies-bran-muffins.txt,6,mix
BananaMuffins,roxies-bran-muffins.txt,6,stir
BananaMuffins,roxies-bran-muffins.txt,6,mix
BananaMuffins,roxies-bran-muffins.txt,7,spoon
BananaMuffins,roxies-bran-muffins.txt,7,bake
BananaMuffins,healthier-banana-crumb-muffins.txt,0,preheat
BananaMuffins,healthier-banana-crumb-muffins.txt,2,mix
BananaMuffins,healthier-banana-crumb-muffins.txt,3,beat
BananaMuffins,healthier-banana-crumb-muffins.txt,4,stir
BananaMuffins,healthier-banana-crumb-muffins.txt,5,spoon
BananaMuffins,healthier-banana-crumb-muffins.txt,6,combine
BananaMuffins,healthier-banana-crumb-muffins.txt,7,blend
BananaMuffins,healthier-banana-crumb-muffins.txt,8,sprinkle
BananaMuffins,healthier-banana-crumb-muffins.txt,9,bake
BananaMuffins,lighter-banana-crumb-muffins.txt,0,preheat
BananaMuffins,lighter-banana-crumb-muffins.txt,2,whisk
BananaMuffins,lighter-banana-crumb-muffins.txt,3,beat
BananaMuffins,lighter-banana-crumb-muffins.txt,4,stir
BananaMuffins,lighter-banana-crumb-muffins.txt,4,make
BananaMuffins,lighter-banana-crumb-muffins.txt,5,fill
BananaMuffins,lighter-banana-crumb-muffins.txt,6,mix
BananaMuffins,lighter-banana-crumb-muffins.txt,6,stir
BananaMuffins,lighter-banana-crumb-muffins.txt,7,sprinkle
BananaMuffins,lighter-banana-crumb-muffins.txt,8,bake
BananaMuffins,moist-banana-streusel-muffins.txt,0,preheat
BananaMuffins,moist-banana-streusel-muffins.txt,2,whisk
BananaMuffins,moist-banana-streusel-muffins.txt,3,mix
BananaMuffins,moist-banana-streusel-muffins.txt,4,fold
BananaMuffins,moist-banana-streusel-muffins.txt,4,do
BananaMuffins,moist-banana-streusel-muffins.txt,5,spoon
BananaMuffins,moist-banana-streusel-muffins.txt,6,mix
BananaMuffins,moist-banana-streusel-muffins.txt,7,sprinkle
BananaMuffins,moist-banana-streusel-muffins.txt,8,bake
BananaMuffins,drunk-monkey-muffins.txt,0,preheat
BananaMuffins,drunk-monkey-muffins.txt,2,whisk
BananaMuffins,drunk-monkey-muffins.txt,2,set
BananaMuffins,drunk-monkey-muffins.txt,3,beat
BananaMuffins,drunk-monkey-muffins.txt,4,beat
BananaMuffins,drunk-monkey-muffins.txt,5,mix
BananaMuffins,drunk-monkey-muffins.txt,6,fold
BananaMuffins,drunk-monkey-muffins.txt,6,combine
BananaMuffins,drunk-monkey-muffins.txt,7,pour
BananaMuffins,drunk-monkey-muffins.txt,8,bake
BananaMuffins,drunk-monkey-muffins.txt,9,cool
BananaMuffins,drunk-monkey-muffins.txt,9,cool
BananaMuffins,most-requested-banana-chocolate-chip-muffins.txt,0,preheat
BananaMuffins,most-requested-banana-chocolate-chip-muffins.txt,2,beat
BananaMuffins,most-requested-banana-chocolate-chip-muffins.txt,3,sift
BananaMuffins,most-requested-banana-chocolate-chip-muffins.txt,4,mix
BananaMuffins,most-requested-banana-chocolate-chip-muffins.txt,5,beat
BananaMuffins,most-requested-banana-chocolate-chip-muffins.txt,6,fold
BananaMuffins,most-requested-banana-chocolate-chip-muffins.txt,6,spoon
BananaMuffins,most-requested-banana-chocolate-chip-muffins.txt,7,bake
BananaMuffins,most-requested-banana-chocolate-chip-muffins.txt,8,cool
BananaMuffins,most-requested-banana-chocolate-chip-muffins.txt,8,cool
BananaMuffins,peanut-butter-banana-muffins.txt,0,preheat
BananaMuffins,peanut-butter-banana-muffins.txt,2,combine
BananaMuffins,peanut-butter-banana-muffins.txt,3,whisk
BananaMuffins,peanut-butter-banana-muffins.txt,4,add
BananaMuffins,peanut-butter-banana-muffins.txt,5,fill
BananaMuffins,peanut-butter-banana-muffins.txt,6,stir
BananaMuffins,peanut-butter-banana-muffins.txt,7,sprinkle
BananaMuffins,peanut-butter-banana-muffins.txt,8,bake
BananaMuffins,peanut-butter-banana-muffins.txt,9,serve
BananaMuffins,banana-blueberry-muffins-with-lavender.txt,0,preheat
BananaMuffins,banana-blueberry-muffins-with-lavender.txt,2,combine
BananaMuffins,banana-blueberry-muffins-with-lavender.txt,3,mix
BananaMuffins,banana-blueberry-muffins-with-lavender.txt,4,add
BananaMuffins,banana-blueberry-muffins-with-lavender.txt,4,flour
BananaMuffins,banana-blueberry-muffins-with-lavender.txt,4,stir
BananaMuffins,banana-blueberry-muffins-with-lavender.txt,5,fold
BananaMuffins,banana-blueberry-muffins-with-lavender.txt,6,spoon
BananaMuffins,banana-blueberry-muffins-with-lavender.txt,7,bake
BananaMuffins,banana-blueberry-muffins-with-lavender.txt,8,cool
BananaMuffins,vegan-banana-blueberry-muffins.txt,0,preheat
BananaMuffins,vegan-banana-blueberry-muffins.txt,2,combine
BananaMuffins,vegan-banana-blueberry-muffins.txt,2,mix
BananaMuffins,vegan-banana-blueberry-muffins.txt,3,combine
BananaMuffins,vegan-banana-blueberry-muffins.txt,3,stir
BananaMuffins,vegan-banana-blueberry-muffins.txt,4,fold
BananaMuffins,vegan-banana-blueberry-muffins.txt,5,spoon
BananaMuffins,vegan-banana-blueberry-muffins.txt,6,bake
BananaMuffins,caribbean-banana-muffins.txt,0,preheat
BananaMuffins,caribbean-banana-muffins.txt,1,prepare
BananaMuffins,caribbean-banana-muffins.txt,2,sift
BananaMuffins,caribbean-banana-muffins.txt,2,set
BananaMuffins,caribbean-banana-muffins.txt,4,beat
BananaMuffins,caribbean-banana-muffins.txt,4,beat
BananaMuffins,caribbean-banana-muffins.txt,5,stir
BananaMuffins,caribbean-banana-muffins.txt,6,fold
BananaMuffins,caribbean-banana-muffins.txt,6,distribute
BananaMuffins,caribbean-banana-muffins.txt,7,divide
BananaMuffins,caribbean-banana-muffins.txt,8,bake
BananaMuffins,blueberry-banana-coconut-flax-muffins.txt,0,preheat
BananaMuffins,blueberry-banana-coconut-flax-muffins.txt,2,whisk
BananaMuffins,blueberry-banana-coconut-flax-muffins.txt,3,whisk
BananaMuffins,blueberry-banana-coconut-flax-muffins.txt,4,stir
BananaMuffins,blueberry-banana-coconut-flax-muffins.txt,4,fold
BananaMuffins,blueberry-banana-coconut-flax-muffins.txt,5,fill
BananaMuffins,blueberry-banana-coconut-flax-muffins.txt,6,bake
BananaMuffins,banana-chocolate-meal-in-a-muffin.txt,0,preheat
BananaMuffins,banana-chocolate-meal-in-a-muffin.txt,2,mix
BananaMuffins,banana-chocolate-meal-in-a-muffin.txt,3,add
BananaMuffins,banana-chocolate-meal-in-a-muffin.txt,3,mix
BananaMuffins,banana-chocolate-meal-in-a-muffin.txt,4,mix
BananaMuffins,banana-chocolate-meal-in-a-muffin.txt,5,stir
BananaMuffins,banana-chocolate-meal-in-a-muffin.txt,6,fold
BananaMuffins,banana-chocolate-meal-in-a-muffin.txt,7,distribute
BananaMuffins,banana-chocolate-meal-in-a-muffin.txt,8,bake
BananaMuffins,almond-banana-chocolate-muffins.txt,0,preheat
BananaMuffins,almond-banana-chocolate-muffins.txt,0,prepare
BananaMuffins,almond-banana-chocolate-muffins.txt,1,prepare
BananaMuffins,almond-banana-chocolate-muffins.txt,1,package
BananaMuffins,almond-banana-chocolate-muffins.txt,1,use
BananaMuffins,almond-banana-chocolate-muffins.txt,1,add
BananaMuffins,almond-banana-chocolate-muffins.txt,2,stir
BananaMuffins,almond-banana-chocolate-muffins.txt,3,divide
BananaMuffins,almond-banana-chocolate-muffins.txt,3,sprinkle
BananaMuffins,almond-banana-chocolate-muffins.txt,4,bake
BananaMuffins,almond-banana-chocolate-muffins.txt,5,cool
BananaMuffins,almond-banana-chocolate-muffins.txt,5,remove
BananaMuffins,almond-banana-chocolate-muffins.txt,5,continue
BananaMuffins,almond-banana-chocolate-muffins.txt,6,store
BananaMuffins,avocado-banana-and-walnut-muffins.txt,0,heat
BananaMuffins,avocado-banana-and-walnut-muffins.txt,2,sift
BananaMuffins,avocado-banana-and-walnut-muffins.txt,3,stir
BananaMuffins,avocado-banana-and-walnut-muffins.txt,3,do
BananaMuffins,avocado-banana-and-walnut-muffins.txt,4,stir
BananaMuffins,avocado-banana-and-walnut-muffins.txt,5,spoon
BananaMuffins,avocado-banana-and-walnut-muffins.txt,5,bake
BananaMuffins,avocado-banana-and-walnut-muffins.txt,5,start
BananaMuffins,banana-blueberry-muffins.txt,0,preheat
BananaMuffins,banana-blueberry-muffins.txt,2,mix
BananaMuffins,banana-blueberry-muffins.txt,3,mix
BananaMuffins,banana-blueberry-muffins.txt,4,mix
BananaMuffins,banana-blueberry-muffins.txt,5,fold
BananaMuffins,banana-blueberry-muffins.txt,6,spoon
BananaMuffins,banana-blueberry-muffins.txt,7,bake
BananaMuffins,whole-grain-banana-muffins.txt,0,preheat
BananaMuffins,whole-grain-banana-muffins.txt,2,whisk
BananaMuffins,whole-grain-banana-muffins.txt,3,stir
BananaMuffins,whole-grain-banana-muffins.txt,4,mix
BananaMuffins,whole-grain-banana-muffins.txt,5,pour
BananaMuffins,whole-grain-banana-muffins.txt,5,mix
BananaMuffins,whole-grain-banana-muffins.txt,5,combine
BananaMuffins,whole-grain-banana-muffins.txt,6,spoon
BananaMuffins,whole-grain-banana-muffins.txt,7,sprinkle
BananaMuffins,whole-grain-banana-muffins.txt,8,bake
BananaMuffins,whole-grain-banana-muffins.txt,9,remove
BananaMuffins,whole-grain-banana-muffins.txt,9,cool
BananaMuffins,gritty-banana-mango-corn-muffins.txt,0,preheat
BananaMuffins,gritty-banana-mango-corn-muffins.txt,1,whisk
BananaMuffins,gritty-banana-mango-corn-muffins.txt,2,stir
BananaMuffins,gritty-banana-mango-corn-muffins.txt,3,whisk
BananaMuffins,gritty-banana-mango-corn-muffins.txt,4,stir
BananaMuffins,gritty-banana-mango-corn-muffins.txt,4,let
BananaMuffins,gritty-banana-mango-corn-muffins.txt,5,spoon
BananaMuffins,gritty-banana-mango-corn-muffins.txt,6,bake
BananaMuffins,gritty-banana-mango-corn-muffins.txt,7,cool
BananaMuffins,gritty-banana-mango-corn-muffins.txt,8,serve
BananaMuffins,easy-banana-muffins.txt,0,preheat
BananaMuffins,easy-banana-muffins.txt,2,sift
BananaMuffins,easy-banana-muffins.txt,3,mix
BananaMuffins,easy-banana-muffins.txt,3,fold
BananaMuffins,easy-banana-muffins.txt,4,scoop
BananaMuffins,easy-banana-muffins.txt,5,bake
BananaMuffins,shannons-banana-coconut-muffins.txt,0,preheat
BananaMuffins,shannons-banana-coconut-muffins.txt,2,beat
BananaMuffins,shannons-banana-coconut-muffins.txt,2,stir
BananaMuffins,shannons-banana-coconut-muffins.txt,3,stir
BananaMuffins,shannons-banana-coconut-muffins.txt,3,stir
BananaMuffins,shannons-banana-coconut-muffins.txt,4,whisk
BananaMuffins,shannons-banana-coconut-muffins.txt,4,stir
BananaMuffins,shannons-banana-coconut-muffins.txt,5,fold
BananaMuffins,shannons-banana-coconut-muffins.txt,6,spoon
BananaMuffins,shannons-banana-coconut-muffins.txt,7,bake
BananaMuffins,toddler-muffins.txt,0,preheat
BananaMuffins,toddler-muffins.txt,3,mix
BananaMuffins,toddler-muffins.txt,4,stir
BananaMuffins,toddler-muffins.txt,5,spoon
BananaMuffins,toddler-muffins.txt,6,bake
BananaMuffins,toddler-muffins.txt,7,cool
BananaMuffins,toddler-muffins.txt,7,cool
BananaMuffins,toddler-muffins.txt,8,store
BananaMuffins,banana-chip-muffins-i.txt,0,measure
BananaMuffins,banana-chip-muffins-i.txt,1,mix
BananaMuffins,banana-chip-muffins-i.txt,1,make
BananaMuffins,banana-chip-muffins-i.txt,2,beat
BananaMuffins,banana-chip-muffins-i.txt,3,mix
BananaMuffins,banana-chip-muffins-i.txt,4,pour
BananaMuffins,banana-chip-muffins-i.txt,5,stir
BananaMuffins,banana-chip-muffins-i.txt,5,moisten
BananaMuffins,banana-chip-muffins-i.txt,6,batter
BananaMuffins,banana-chip-muffins-i.txt,7,fill
BananaMuffins,banana-chip-muffins-i.txt,8,bake
BananaMuffins,b-muffins.txt,0,preheat
BananaMuffins,b-muffins.txt,4,stir
BananaMuffins,b-muffins.txt,5,stir
BananaMuffins,b-muffins.txt,6,stir
BananaMuffins,b-muffins.txt,7,spoon
BananaMuffins,b-muffins.txt,8,bake
BananaMuffins,jo-jos-favorite-banana-muffins.txt,1,add
BananaMuffins,jo-jos-favorite-banana-muffins.txt,2,stir
BananaMuffins,jo-jos-favorite-banana-muffins.txt,2,mix
BananaMuffins,jo-jos-favorite-banana-muffins.txt,3,fold
BananaMuffins,jo-jos-favorite-banana-muffins.txt,4,fill
BananaMuffins,jo-jos-favorite-banana-muffins.txt,5,bake
BananaMuffins,oh-my-gosh-muffins.txt,0,preheat
BananaMuffins,oh-my-gosh-muffins.txt,3,mix
BananaMuffins,oh-my-gosh-muffins.txt,4,stir
BananaMuffins,oh-my-gosh-muffins.txt,5,mix
BananaMuffins,oh-my-gosh-muffins.txt,6,mix
BananaMuffins,oh-my-gosh-muffins.txt,7,fold
BananaMuffins,oh-my-gosh-muffins.txt,8,transfer
BananaMuffins,oh-my-gosh-muffins.txt,9,bake
BananaMuffins,lighter-banana-muffins.txt,0,preheat
BananaMuffins,lighter-banana-muffins.txt,2,combine
BananaMuffins,lighter-banana-muffins.txt,3,flour
BananaMuffins,lighter-banana-muffins.txt,4,stir
BananaMuffins,lighter-banana-muffins.txt,5,fold
BananaMuffins,lighter-banana-muffins.txt,6,pour
BananaMuffins,lighter-banana-muffins.txt,7,bake
BananaMuffins,banana-crumb-muffins.txt,0,preheat
BananaMuffins,banana-crumb-muffins.txt,4,stir
BananaMuffins,banana-crumb-muffins.txt,5,spoon
BananaMuffins,banana-crumb-muffins.txt,7,cut
BananaMuffins,banana-crumb-muffins.txt,8,sprinkle
BananaMuffins,banana-crumb-muffins.txt,9,bake
BananaMuffins,banana-pancake-muffins.txt,0,preheat
BananaMuffins,banana-pancake-muffins.txt,3,beat
BananaMuffins,banana-pancake-muffins.txt,4,blend
BananaMuffins,banana-pancake-muffins.txt,4,add
BananaMuffins,banana-pancake-muffins.txt,5,mix
BananaMuffins,banana-pancake-muffins.txt,6,stir
BananaMuffins,banana-pancake-muffins.txt,6,spoon
BananaMuffins,banana-pancake-muffins.txt,7,spoon
BananaMuffins,banana-pancake-muffins.txt,8,bake
BananaMuffins,napoleons-banana-muffin.txt,0,preheat
BananaMuffins,napoleons-banana-muffin.txt,3,whisk
BananaMuffins,napoleons-banana-muffin.txt,5,pour
BananaMuffins,napoleons-banana-muffin.txt,5,stir
BananaMuffins,napoleons-banana-muffin.txt,6,spoon
BananaMuffins,napoleons-banana-muffin.txt,8,cut
BananaMuffins,napoleons-banana-muffin.txt,9,sprinkle
BananaMuffins,napoleons-banana-muffin.txt,10,bake
BananaMuffins,moist-banana-muffins.txt,0,preheat
BananaMuffins,moist-banana-muffins.txt,2,stir
BananaMuffins,moist-banana-muffins.txt,3,add
BananaMuffins,moist-banana-muffins.txt,3,stir
BananaMuffins,moist-banana-muffins.txt,4,pour
BananaMuffins,moist-banana-muffins.txt,5,bake
BananaMuffins,banana-muffins-i.txt,0,preheat
BananaMuffins,banana-muffins-i.txt,2,mix
BananaMuffins,banana-muffins-i.txt,4,stir
BananaMuffins,banana-muffins-i.txt,5,stir
BananaMuffins,banana-muffins-i.txt,6,scoop
BananaMuffins,banana-muffins-i.txt,7,bake
BananaMuffins,banana-muffins-i.txt,8,let
BananaMuffins,kid-muffins.txt,0,preheat
BananaMuffins,kid-muffins.txt,2,soak
BananaMuffins,kid-muffins.txt,2,drain
BananaMuffins,kid-muffins.txt,3,chop
BananaMuffins,kid-muffins.txt,4,beat
BananaMuffins,kid-muffins.txt,5,add
BananaMuffins,kid-muffins.txt,5,beat
BananaMuffins,kid-muffins.txt,5,incorporate
BananaMuffins,kid-muffins.txt,6,fold
BananaMuffins,kid-muffins.txt,6,pour
BananaMuffins,kid-muffins.txt,7,bake
BananaMuffins,kid-muffins.txt,8,cool
BananaMuffins,kid-muffins.txt,8,cool
BananaMuffins,sarahs-banana-bread-muffins.txt,0,preheat
BananaMuffins,sarahs-banana-bread-muffins.txt,1,place
BananaMuffins,sarahs-banana-bread-muffins.txt,2,mix
BananaMuffins,sarahs-banana-bread-muffins.txt,3,add
BananaMuffins,sarahs-banana-bread-muffins.txt,4,add
BananaMuffins,sarahs-banana-bread-muffins.txt,5,stir
BananaMuffins,sarahs-banana-bread-muffins.txt,6,spoon
BananaMuffins,sarahs-banana-bread-muffins.txt,7,bake
